insight_id,customer_id,generated_date,insight_type,risk_score,primary_issue,recommended_actions,actions_taken,outcome_status,health_score_before,health_score_after,health_score_change,churn_prevented,expansion_occurred,expansion_arr,mrr_retained,customer_feedback,learnings
INS-5000,HC-1000,2025-09-01,churn_risk,53,patient_portal,"[""Executive escalation call"", ""Resolve patient portal issues"", ""Offer service credit"", ""Weekly check-ins until stable""]","[{""action"": ""Executive escalation"", ""completed"": true, ""date"": ""2025-08-04""}, {""action"": ""Technical fix deployed"", ""completed"": true, ""date"": ""2025-09-05""}, {""action"": ""Service credit applied"", ""completed"": true, ""date"": ""2025-08-17""}]",resolved,47,79,32,True,False,0.0,1360,Very satisfied with response. Issues resolved quickly.,"[""Fast response critical for patient portal issues"", ""Executive engagement makes difference"", ""Service credits effective goodwill gesture""]"
INS-5001,HC-1001,2025-09-03,churn_risk,58,insurance_verification,"[""Executive escalation call"", ""Resolve insurance verification issues"", ""Offer service credit"", ""Weekly check-ins until stable""]","[{""action"": ""Executive escalation"", ""completed"": true, ""date"": ""2025-08-28""}, {""action"": ""Technical fix deployed"", ""completed"": false, ""date"": null}, {""action"": ""Service credit applied"", ""completed"": true, ""date"": ""2025-08-10""}]",unresolved,42,35,-7,False,False,0.0,59131,Unfortunately decided to move to competitor,"[""Fast response critical for insurance verification issues"", ""Executive engagement makes difference"", ""Need faster technical resolution""]"
INS-5002,HC-1004,2025-07-08,churn_risk,56,clinical_documentation,"[""Executive escalation call"", ""Resolve clinical documentation issues"", ""Offer service credit"", ""Weekly check-ins until stable""]","[{""action"": ""Executive escalation"", ""completed"": true, ""date"": ""2025-08-27""}, {""action"": ""Technical fix deployed"", ""completed"": false, ""date"": null}, {""action"": ""Service credit applied"", ""completed"": true, ""date"": ""2025-08-25""}]",unresolved,44,39,-5,False,False,0.0,6810,Unfortunately decided to move to competitor,"[""Fast response critical for clinical documentation issues"", ""Executive engagement makes difference"", ""Need faster technical resolution""]"
INS-5003,HC-1006,2025-08-07,churn_risk,43,clinical_documentation,"[""Executive escalation call"", ""Resolve clinical documentation issues"", ""Offer service credit"", ""Weekly check-ins until stable""]","[{""action"": ""Executive escalation"", ""completed"": true, ""date"": ""2025-08-31""}, {""action"": ""Technical fix deployed"", ""completed"": true, ""date"": ""2025-08-08""}, {""action"": ""Service credit applied"", ""completed"": true, ""date"": ""2025-09-11""}]",resolved,57,94,37,True,True,24213.026034912542,4343,Very satisfied with response. Issues resolved quickly.,"[""Fast response critical for clinical documentation issues"", ""Executive engagement makes difference"", ""Service credits effective goodwill gesture""]"
INS-5004,HC-1011,2025-07-28,churn_risk,46,claims_management,"[""Executive escalation call"", ""Resolve claims management issues"", ""Offer service credit"", ""Weekly check-ins until stable""]","[{""action"": ""Executive escalation"", ""completed"": true, ""date"": ""2025-07-30""}, {""action"": ""Technical fix deployed"", ""completed"": true, ""date"": ""2025-07-28""}, {""action"": ""Service credit applied"", ""completed"": true, ""date"": ""2025-07-26""}]",resolved,54,94,40,True,False,0.0,3273,Good progress but still monitoring closely.,"[""Fast response critical for claims management issues"", ""Executive engagement makes difference"", ""Service credits effective goodwill gesture""]"
INS-5005,HC-1020,2025-08-31,churn_risk,52,billing_workflow,"[""Executive escalation call"", ""Resolve billing workflow issues"", ""Offer service credit"", ""Weekly check-ins until stable""]","[{""action"": ""Executive escalation"", ""completed"": true, ""date"": ""2025-09-08""}, {""action"": ""Technical fix deployed"", ""completed"": true, ""date"": ""2025-07-26""}, {""action"": ""Service credit applied"", ""completed"": true, ""date"": ""2025-07-31""}]",resolved,48,92,44,True,False,0.0,6930,Very satisfied with response. Issues resolved quickly.,"[""Fast response critical for billing workflow issues"", ""Executive engagement makes difference"", ""Service credits effective goodwill gesture""]"
INS-5006,HC-1032,2025-08-22,churn_risk,59,appointment_reminders,"[""Executive escalation call"", ""Resolve appointment reminders issues"", ""Offer service credit"", ""Weekly check-ins until stable""]","[{""action"": ""Executive escalation"", ""completed"": true, ""date"": ""2025-09-08""}, {""action"": ""Technical fix deployed"", ""completed"": true, ""date"": ""2025-07-30""}, {""action"": ""Service credit applied"", ""completed"": true, ""date"": ""2025-09-07""}]",resolved,41,84,43,True,True,130090.30701301816,19014,Very satisfied with response. Issues resolved quickly.,"[""Fast response critical for appointment reminders issues"", ""Executive engagement makes difference"", ""Service credits effective goodwill gesture""]"
INS-5007,HC-1035,2025-07-21,churn_risk,46,appointment_reminders,"[""Executive escalation call"", ""Resolve appointment reminders issues"", ""Offer service credit"", ""Weekly check-ins until stable""]","[{""action"": ""Executive escalation"", ""completed"": true, ""date"": ""2025-09-01""}, {""action"": ""Technical fix deployed"", ""completed"": true, ""date"": ""2025-07-27""}, {""action"": ""Service credit applied"", ""completed"": true, ""date"": ""2025-07-26""}]",resolved,54,86,32,True,True,13887.767476453137,2215,Very satisfied with response. Issues resolved quickly.,"[""Fast response critical for appointment reminders issues"", ""Executive engagement makes difference"", ""Service credits effective goodwill gesture""]"
INS-5008,HC-1036,2025-07-19,churn_risk,70,billing_workflow,"[""Executive escalation call"", ""Resolve billing workflow issues"", ""Offer service credit"", ""Weekly check-ins until stable""]","[{""action"": ""Executive escalation"", ""completed"": true, ""date"": ""2025-07-13""}, {""action"": ""Technical fix deployed"", ""completed"": false, ""date"": null}, {""action"": ""Service credit applied"", ""completed"": true, ""date"": ""2025-08-28""}]",churned,30,26,-4,False,False,0.0,0,Unfortunately decided to move to competitor,"[""Fast response critical for billing workflow issues"", ""Executive engagement makes difference"", ""Need faster technical resolution""]"
INS-5009,HC-1038,2025-08-01,churn_risk,52,telehealth_setup,"[""Executive escalation call"", ""Resolve telehealth setup issues"", ""Offer service credit"", ""Weekly check-ins until stable""]","[{""action"": ""Executive escalation"", ""completed"": true, ""date"": ""2025-08-17""}, {""action"": ""Technical fix deployed"", ""completed"": true, ""date"": ""2025-08-25""}, {""action"": ""Service credit applied"", ""completed"": true, ""date"": ""2025-09-10""}]",resolved,48,96,48,True,False,0.0,13308,Appreciate the attention. Staying with platform.,"[""Fast response critical for telehealth setup issues"", ""Executive engagement makes difference"", ""Service credits effective goodwill gesture""]"
INS-5010,HC-1041,2025-08-14,churn_risk,45,billing_workflow,"[""Executive escalation call"", ""Resolve billing workflow issues"", ""Offer service credit"", ""Weekly check-ins until stable""]","[{""action"": ""Executive escalation"", ""completed"": true, ""date"": ""2025-07-14""}, {""action"": ""Technical fix deployed"", ""completed"": false, ""date"": null}, {""action"": ""Service credit applied"", ""completed"": true, ""date"": ""2025-08-27""}]",unresolved,55,49,-6,False,False,0.0,5553,Unfortunately decided to move to competitor,"[""Fast response critical for billing workflow issues"", ""Executive engagement makes difference"", ""Need faster technical resolution""]"
INS-5011,HC-1042,2025-08-27,churn_risk,45,prescription_workflow,"[""Executive escalation call"", ""Resolve prescription workflow issues"", ""Offer service credit"", ""Weekly check-ins until stable""]","[{""action"": ""Executive escalation"", ""completed"": true, ""date"": ""2025-07-31""}, {""action"": ""Technical fix deployed"", ""completed"": true, ""date"": ""2025-08-21""}, {""action"": ""Service credit applied"", ""completed"": true, ""date"": ""2025-09-06""}]",resolved,55,100,45,True,True,54688.81319349384,10881,Appreciate the attention. Staying with platform.,"[""Fast response critical for prescription workflow issues"", ""Executive engagement makes difference"", ""Service credits effective goodwill gesture""]"
INS-5012,HC-1045,2025-09-06,churn_risk,48,reporting_analytics,"[""Executive escalation call"", ""Resolve reporting analytics issues"", ""Offer service credit"", ""Weekly check-ins until stable""]","[{""action"": ""Executive escalation"", ""completed"": true, ""date"": ""2025-08-13""}, {""action"": ""Technical fix deployed"", ""completed"": true, ""date"": ""2025-07-18""}, {""action"": ""Service credit applied"", ""completed"": true, ""date"": ""2025-08-14""}]",resolved,52,83,31,True,False,0.0,22450,Good progress but still monitoring closely.,"[""Fast response critical for reporting analytics issues"", ""Executive engagement makes difference"", ""Service credits effective goodwill gesture""]"
INS-5013,HC-1047,2025-08-31,churn_risk,51,appointment_reminders,"[""Executive escalation call"", ""Resolve appointment reminders issues"", ""Offer service credit"", ""Weekly check-ins until stable""]","[{""action"": ""Executive escalation"", ""completed"": true, ""date"": ""2025-09-06""}, {""action"": ""Technical fix deployed"", ""completed"": true, ""date"": ""2025-07-30""}, {""action"": ""Service credit applied"", ""completed"": true, ""date"": ""2025-08-28""}]",resolved,49,88,39,True,False,0.0,1228,Good progress but still monitoring closely.,"[""Fast response critical for appointment reminders issues"", ""Executive engagement makes difference"", ""Service credits effective goodwill gesture""]"
INS-5014,HC-1050,2025-08-27,churn_risk,42,hipaa_compliance,"[""Executive escalation call"", ""Resolve hipaa compliance issues"", ""Offer service credit"", ""Weekly check-ins until stable""]","[{""action"": ""Executive escalation"", ""completed"": true, ""date"": ""2025-08-16""}, {""action"": ""Technical fix deployed"", ""completed"": true, ""date"": ""2025-09-02""}, {""action"": ""Service credit applied"", ""completed"": true, ""date"": ""2025-09-02""}]",resolved,58,87,29,True,True,3242.582969438308,895,Appreciate the attention. Staying with platform.,"[""Fast response critical for hipaa compliance issues"", ""Executive engagement makes difference"", ""Service credits effective goodwill gesture""]"
INS-5015,HC-1051,2025-08-01,churn_risk,46,billing_workflow,"[""Executive escalation call"", ""Resolve billing workflow issues"", ""Offer service credit"", ""Weekly check-ins until stable""]","[{""action"": ""Executive escalation"", ""completed"": true, ""date"": ""2025-08-09""}, {""action"": ""Technical fix deployed"", ""completed"": true, ""date"": ""2025-08-11""}, {""action"": ""Service credit applied"", ""completed"": true, ""date"": ""2025-08-03""}]",resolved,54,81,27,True,False,0.0,643,Good progress but still monitoring closely.,"[""Fast response critical for billing workflow issues"", ""Executive engagement makes difference"", ""Service credits effective goodwill gesture""]"
INS-5016,HC-1053,2025-07-09,churn_risk,51,appointment_reminders,"[""Executive escalation call"", ""Resolve appointment reminders issues"", ""Offer service credit"", ""Weekly check-ins until stable""]","[{""action"": ""Executive escalation"", ""completed"": true, ""date"": ""2025-09-05""}, {""action"": ""Technical fix deployed"", ""completed"": false, ""date"": null}, {""action"": ""Service credit applied"", ""completed"": true, ""date"": ""2025-08-15""}]",unresolved,49,55,6,False,False,0.0,11801,Unfortunately decided to move to competitor,"[""Fast response critical for appointment reminders issues"", ""Executive engagement makes difference"", ""Need faster technical resolution""]"
INS-5017,HC-1054,2025-08-01,churn_risk,70,patient_portal,"[""Executive escalation call"", ""Resolve patient portal issues"", ""Offer service credit"", ""Weekly check-ins until stable""]","[{""action"": ""Executive escalation"", ""completed"": true, ""date"": ""2025-08-07""}, {""action"": ""Technical fix deployed"", ""completed"": false, ""date"": null}, {""action"": ""Service credit applied"", ""completed"": true, ""date"": ""2025-08-09""}]",churned,30,20,-10,False,False,0.0,0,Unfortunately decided to move to competitor,"[""Fast response critical for patient portal issues"", ""Executive engagement makes difference"", ""Need faster technical resolution""]"
INS-5018,HC-1056,2025-08-10,churn_risk,48,patient_scheduling,"[""Executive escalation call"", ""Resolve patient scheduling issues"", ""Offer service credit"", ""Weekly check-ins until stable""]","[{""action"": ""Executive escalation"", ""completed"": true, ""date"": ""2025-08-15""}, {""action"": ""Technical fix deployed"", ""completed"": true, ""date"": ""2025-07-28""}, {""action"": ""Service credit applied"", ""completed"": true, ""date"": ""2025-09-10""}]",resolved,52,73,21,True,False,0.0,20485,Good progress but still monitoring closely.,"[""Fast response critical for patient scheduling issues"", ""Executive engagement makes difference"", ""Service credits effective goodwill gesture""]"
INS-5019,HC-1057,2025-08-24,churn_risk,68,billing_workflow,"[""Executive escalation call"", ""Resolve billing workflow issues"", ""Offer service credit"", ""Weekly check-ins until stable""]","[{""action"": ""Executive escalation"", ""completed"": true, ""date"": ""2025-07-21""}, {""action"": ""Technical fix deployed"", ""completed"": true, ""date"": ""2025-08-30""}, {""action"": ""Service credit applied"", ""completed"": true, ""date"": ""2025-09-08""}]",resolved,32,74,42,True,False,0.0,2458,Good progress but still monitoring closely.,"[""Fast response critical for billing workflow issues"", ""Executive engagement makes difference"", ""Service credits effective goodwill gesture""]"
INS-5020,HC-1062,2025-08-10,churn_risk,48,billing_workflow,"[""Executive escalation call"", ""Resolve billing workflow issues"", ""Offer service credit"", ""Weekly check-ins until stable""]","[{""action"": ""Executive escalation"", ""completed"": true, ""date"": ""2025-07-17""}, {""action"": ""Technical fix deployed"", ""completed"": true, ""date"": ""2025-07-19""}, {""action"": ""Service credit applied"", ""completed"": true, ""date"": ""2025-08-10""}]",resolved,52,93,41,True,True,26335.505051293272,5820,Very satisfied with response. Issues resolved quickly.,"[""Fast response critical for billing workflow issues"", ""Executive engagement makes difference"", ""Service credits effective goodwill gesture""]"
INS-5021,HC-1063,2025-09-06,churn_risk,70,clinical_documentation,"[""Executive escalation call"", ""Resolve clinical documentation issues"", ""Offer service credit"", ""Weekly check-ins until stable""]","[{""action"": ""Executive escalation"", ""completed"": true, ""date"": ""2025-08-21""}, {""action"": ""Technical fix deployed"", ""completed"": true, ""date"": ""2025-07-25""}, {""action"": ""Service credit applied"", ""completed"": true, ""date"": ""2025-08-01""}]",resolved,30,58,28,True,False,0.0,23222,Good progress but still monitoring closely.,"[""Fast response critical for clinical documentation issues"", ""Executive engagement makes difference"", ""Service credits effective goodwill gesture""]"
INS-5022,HC-1065,2025-08-22,churn_risk,60,billing_workflow,"[""Executive escalation call"", ""Resolve billing workflow issues"", ""Offer service credit"", ""Weekly check-ins until stable""]","[{""action"": ""Executive escalation"", ""completed"": true, ""date"": ""2025-08-25""}, {""action"": ""Technical fix deployed"", ""completed"": true, ""date"": ""2025-08-19""}, {""action"": ""Service credit applied"", ""completed"": true, ""date"": ""2025-09-16""}]",resolved,40,65,25,True,False,0.0,25344,"Too little, too late. Already committed to alternative.","[""Fast response critical for billing workflow issues"", ""Executive engagement makes difference"", ""Service credits effective goodwill gesture""]"
INS-5023,HC-1067,2025-08-30,churn_risk,57,billing_workflow,"[""Executive escalation call"", ""Resolve billing workflow issues"", ""Offer service credit"", ""Weekly check-ins until stable""]","[{""action"": ""Executive escalation"", ""completed"": true, ""date"": ""2025-08-22""}, {""action"": ""Technical fix deployed"", ""completed"": true, ""date"": ""2025-09-09""}, {""action"": ""Service credit applied"", ""completed"": true, ""date"": ""2025-08-30""}]",resolved,43,90,47,True,False,0.0,4646,Good progress but still monitoring closely.,"[""Fast response critical for billing workflow issues"", ""Executive engagement makes difference"", ""Service credits effective goodwill gesture""]"
INS-5024,HC-1070,2025-07-29,churn_risk,43,ehr_integration,"[""Executive escalation call"", ""Resolve ehr integration issues"", ""Offer service credit"", ""Weekly check-ins until stable""]","[{""action"": ""Executive escalation"", ""completed"": true, ""date"": ""2025-09-02""}, {""action"": ""Technical fix deployed"", ""completed"": true, ""date"": ""2025-08-11""}, {""action"": ""Service credit applied"", ""completed"": true, ""date"": ""2025-08-10""}]",resolved,57,100,46,True,True,37972.48279127175,7449,Good progress but still monitoring closely.,"[""Fast response critical for ehr integration issues"", ""Executive engagement makes difference"", ""Service credits effective goodwill gesture""]"
INS-5025,HC-1074,2025-08-19,churn_risk,58,appointment_reminders,"[""Executive escalation call"", ""Resolve appointment reminders issues"", ""Offer service credit"", ""Weekly check-ins until stable""]","[{""action"": ""Executive escalation"", ""completed"": true, ""date"": ""2025-08-12""}, {""action"": ""Technical fix deployed"", ""completed"": true, ""date"": ""2025-08-04""}, {""action"": ""Service credit applied"", ""completed"": true, ""date"": ""2025-07-18""}]",resolved,42,83,41,True,True,51166.04752488471,13472,Good progress but still monitoring closely.,"[""Fast response critical for appointment reminders issues"", ""Executive engagement makes difference"", ""Service credits effective goodwill gesture""]"
INS-5026,HC-1078,2025-08-17,churn_risk,47,billing_workflow,"[""Executive escalation call"", ""Resolve billing workflow issues"", ""Offer service credit"", ""Weekly check-ins until stable""]","[{""action"": ""Executive escalation"", ""completed"": true, ""date"": ""2025-08-07""}, {""action"": ""Technical fix deployed"", ""completed"": true, ""date"": ""2025-08-27""}, {""action"": ""Service credit applied"", ""completed"": true, ""date"": ""2025-09-04""}]",resolved,53,100,48,True,False,0.0,5069,Very satisfied with response. Issues resolved quickly.,"[""Fast response critical for billing workflow issues"", ""Executive engagement makes difference"", ""Service credits effective goodwill gesture""]"
INS-5027,HC-1081,2025-08-22,churn_risk,70,claims_management,"[""Executive escalation call"", ""Resolve claims management issues"", ""Offer service credit"", ""Weekly check-ins until stable""]","[{""action"": ""Executive escalation"", ""completed"": true, ""date"": ""2025-08-27""}, {""action"": ""Technical fix deployed"", ""completed"": true, ""date"": ""2025-07-29""}, {""action"": ""Service credit applied"", ""completed"": true, ""date"": ""2025-07-31""}]",resolved,30,79,49,True,False,0.0,4096,"Too little, too late. Already committed to alternative.","[""Fast response critical for claims management issues"", ""Executive engagement makes difference"", ""Service credits effective goodwill gesture""]"
INS-5028,HC-1082,2025-08-12,churn_risk,42,claims_management,"[""Executive escalation call"", ""Resolve claims management issues"", ""Offer service credit"", ""Weekly check-ins until stable""]","[{""action"": ""Executive escalation"", ""completed"": true, ""date"": ""2025-07-16""}, {""action"": ""Technical fix deployed"", ""completed"": true, ""date"": ""2025-07-21""}, {""action"": ""Service credit applied"", ""completed"": true, ""date"": ""2025-08-04""}]",resolved,58,96,38,True,False,0.0,4507,Very satisfied with response. Issues resolved quickly.,"[""Fast response critical for claims management issues"", ""Executive engagement makes difference"", ""Service credits effective goodwill gesture""]"
INS-5029,HC-1086,2025-07-24,churn_risk,70,patient_portal,"[""Executive escalation call"", ""Resolve patient portal issues"", ""Offer service credit"", ""Weekly check-ins until stable""]","[{""action"": ""Executive escalation"", ""completed"": true, ""date"": ""2025-09-08""}, {""action"": ""Technical fix deployed"", ""completed"": true, ""date"": ""2025-07-24""}, {""action"": ""Service credit applied"", ""completed"": true, ""date"": ""2025-09-09""}]",resolved,30,55,25,True,True,135912.762451743,37700,Good progress but still monitoring closely.,"[""Fast response critical for patient portal issues"", ""Executive engagement makes difference"", ""Service credits effective goodwill gesture""]"
INS-5030,HC-1088,2025-08-21,churn_risk,58,appointment_reminders,"[""Executive escalation call"", ""Resolve appointment reminders issues"", ""Offer service credit"", ""Weekly check-ins until stable""]","[{""action"": ""Executive escalation"", ""completed"": true, ""date"": ""2025-07-15""}, {""action"": ""Technical fix deployed"", ""completed"": true, ""date"": ""2025-08-16""}, {""action"": ""Service credit applied"", ""completed"": true, ""date"": ""2025-08-29""}]",resolved,42,65,23,True,True,11074.130006261421,2539,Good progress but still monitoring closely.,"[""Fast response critical for appointment reminders issues"", ""Executive engagement makes difference"", ""Service credits effective goodwill gesture""]"
INS-5031,HC-1089,2025-09-04,churn_risk,50,appointment_reminders,"[""Executive escalation call"", ""Resolve appointment reminders issues"", ""Offer service credit"", ""Weekly check-ins until stable""]","[{""action"": ""Executive escalation"", ""completed"": true, ""date"": ""2025-08-27""}, {""action"": ""Technical fix deployed"", ""completed"": false, ""date"": null}, {""action"": ""Service credit applied"", ""completed"": true, ""date"": ""2025-08-11""}]",unresolved,50,43,-7,False,False,0.0,58336,Unfortunately decided to move to competitor,"[""Fast response critical for appointment reminders issues"", ""Executive engagement makes difference"", ""Need faster technical resolution""]"
INS-5032,HC-1090,2025-08-17,churn_risk,52,claims_management,"[""Executive escalation call"", ""Resolve claims management issues"", ""Offer service credit"", ""Weekly check-ins until stable""]","[{""action"": ""Executive escalation"", ""completed"": true, ""date"": ""2025-08-19""}, {""action"": ""Technical fix deployed"", ""completed"": false, ""date"": null}, {""action"": ""Service credit applied"", ""completed"": true, ""date"": ""2025-08-01""}]",unresolved,48,47,-1,False,False,0.0,2469,Unfortunately decided to move to competitor,"[""Fast response critical for claims management issues"", ""Executive engagement makes difference"", ""Need faster technical resolution""]"
INS-5033,HC-1092,2025-07-21,churn_risk,56,patient_portal,"[""Executive escalation call"", ""Resolve patient portal issues"", ""Offer service credit"", ""Weekly check-ins until stable""]","[{""action"": ""Executive escalation"", ""completed"": true, ""date"": ""2025-08-14""}, {""action"": ""Technical fix deployed"", ""completed"": false, ""date"": null}, {""action"": ""Service credit applied"", ""completed"": true, ""date"": ""2025-09-08""}]",unresolved,44,49,5,False,False,0.0,12577,Unfortunately decided to move to competitor,"[""Fast response critical for patient portal issues"", ""Executive engagement makes difference"", ""Need faster technical resolution""]"
INS-5034,HC-1096,2025-07-23,churn_risk,59,insurance_verification,"[""Executive escalation call"", ""Resolve insurance verification issues"", ""Offer service credit"", ""Weekly check-ins until stable""]","[{""action"": ""Executive escalation"", ""completed"": true, ""date"": ""2025-08-26""}, {""action"": ""Technical fix deployed"", ""completed"": true, ""date"": ""2025-09-02""}, {""action"": ""Service credit applied"", ""completed"": true, ""date"": ""2025-09-07""}]",resolved,41,79,38,True,False,0.0,1450,Good progress but still monitoring closely.,"[""Fast response critical for insurance verification issues"", ""Executive engagement makes difference"", ""Service credits effective goodwill gesture""]"
INS-5035,HC-1100,2025-08-16,churn_risk,49,appointment_reminders,"[""Executive escalation call"", ""Resolve appointment reminders issues"", ""Offer service credit"", ""Weekly check-ins until stable""]","[{""action"": ""Executive escalation"", ""completed"": true, ""date"": ""2025-09-11""}, {""action"": ""Technical fix deployed"", ""completed"": true, ""date"": ""2025-07-22""}, {""action"": ""Service credit applied"", ""completed"": true, ""date"": ""2025-07-27""}]",resolved,51,84,33,True,False,0.0,2139,"Too little, too late. Already committed to alternative.","[""Fast response critical for appointment reminders issues"", ""Executive engagement makes difference"", ""Service credits effective goodwill gesture""]"
INS-5036,HC-1109,2025-07-17,churn_risk,70,patient_portal,"[""Executive escalation call"", ""Resolve patient portal issues"", ""Offer service credit"", ""Weekly check-ins until stable""]","[{""action"": ""Executive escalation"", ""completed"": true, ""date"": ""2025-08-26""}, {""action"": ""Technical fix deployed"", ""completed"": false, ""date"": null}, {""action"": ""Service credit applied"", ""completed"": true, ""date"": ""2025-08-21""}]",churned,30,20,-10,False,False,0.0,0,Unfortunately decided to move to competitor,"[""Fast response critical for patient portal issues"", ""Executive engagement makes difference"", ""Need faster technical resolution""]"
INS-5037,HC-1112,2025-08-29,churn_risk,47,billing_workflow,"[""Executive escalation call"", ""Resolve billing workflow issues"", ""Offer service credit"", ""Weekly check-ins until stable""]","[{""action"": ""Executive escalation"", ""completed"": true, ""date"": ""2025-09-04""}, {""action"": ""Technical fix deployed"", ""completed"": false, ""date"": null}, {""action"": ""Service credit applied"", ""completed"": true, ""date"": ""2025-09-11""}]",unresolved,53,58,5,False,False,0.0,12970,Unfortunately decided to move to competitor,"[""Fast response critical for billing workflow issues"", ""Executive engagement makes difference"", ""Need faster technical resolution""]"
INS-5038,HC-1113,2025-09-06,churn_risk,54,patient_portal,"[""Executive escalation call"", ""Resolve patient portal issues"", ""Offer service credit"", ""Weekly check-ins until stable""]","[{""action"": ""Executive escalation"", ""completed"": true, ""date"": ""2025-08-10""}, {""action"": ""Technical fix deployed"", ""completed"": false, ""date"": null}, {""action"": ""Service credit applied"", ""completed"": true, ""date"": ""2025-08-30""}]",unresolved,46,53,7,False,False,0.0,22327,Unfortunately decided to move to competitor,"[""Fast response critical for patient portal issues"", ""Executive engagement makes difference"", ""Need faster technical resolution""]"
INS-5039,HC-1116,2025-07-24,churn_risk,51,hipaa_compliance,"[""Executive escalation call"", ""Resolve hipaa compliance issues"", ""Offer service credit"", ""Weekly check-ins until stable""]","[{""action"": ""Executive escalation"", ""completed"": true, ""date"": ""2025-09-05""}, {""action"": ""Technical fix deployed"", ""completed"": true, ""date"": ""2025-08-26""}, {""action"": ""Service credit applied"", ""completed"": true, ""date"": ""2025-07-26""}]",resolved,49,76,27,True,False,0.0,22771,Very satisfied with response. Issues resolved quickly.,"[""Fast response critical for hipaa compliance issues"", ""Executive engagement makes difference"", ""Service credits effective goodwill gesture""]"
INS-5040,HC-1119,2025-07-10,churn_risk,44,billing_workflow,"[""Executive escalation call"", ""Resolve billing workflow issues"", ""Offer service credit"", ""Weekly check-ins until stable""]","[{""action"": ""Executive escalation"", ""completed"": true, ""date"": ""2025-08-14""}, {""action"": ""Technical fix deployed"", ""completed"": false, ""date"": null}, {""action"": ""Service credit applied"", ""completed"": true, ""date"": ""2025-08-13""}]",unresolved,56,51,-5,False,False,0.0,540,Unfortunately decided to move to competitor,"[""Fast response critical for billing workflow issues"", ""Executive engagement makes difference"", ""Need faster technical resolution""]"
INS-5041,HC-1121,2025-08-19,churn_risk,59,claims_management,"[""Executive escalation call"", ""Resolve claims management issues"", ""Offer service credit"", ""Weekly check-ins until stable""]","[{""action"": ""Executive escalation"", ""completed"": true, ""date"": ""2025-07-15""}, {""action"": ""Technical fix deployed"", ""completed"": false, ""date"": null}, {""action"": ""Service credit applied"", ""completed"": true, ""date"": ""2025-07-18""}]",unresolved,41,35,-6,False,False,0.0,3469,Unfortunately decided to move to competitor,"[""Fast response critical for claims management issues"", ""Executive engagement makes difference"", ""Need faster technical resolution""]"
INS-5042,HC-1124,2025-07-11,churn_risk,52,patient_portal,"[""Executive escalation call"", ""Resolve patient portal issues"", ""Offer service credit"", ""Weekly check-ins until stable""]","[{""action"": ""Executive escalation"", ""completed"": true, ""date"": ""2025-07-30""}, {""action"": ""Technical fix deployed"", ""completed"": true, ""date"": ""2025-07-20""}, {""action"": ""Service credit applied"", ""completed"": true, ""date"": ""2025-08-14""}]",resolved,48,82,34,True,False,0.0,5153,Good progress but still monitoring closely.,"[""Fast response critical for patient portal issues"", ""Executive engagement makes difference"", ""Service credits effective goodwill gesture""]"
INS-5043,HC-1127,2025-08-29,churn_risk,55,reporting_analytics,"[""Executive escalation call"", ""Resolve reporting analytics issues"", ""Offer service credit"", ""Weekly check-ins until stable""]","[{""action"": ""Executive escalation"", ""completed"": true, ""date"": ""2025-08-20""}, {""action"": ""Technical fix deployed"", ""completed"": true, ""date"": ""2025-07-31""}, {""action"": ""Service credit applied"", ""completed"": true, ""date"": ""2025-09-16""}]",resolved,45,94,49,True,False,0.0,2250,Very satisfied with response. Issues resolved quickly.,"[""Fast response critical for reporting analytics issues"", ""Executive engagement makes difference"", ""Service credits effective goodwill gesture""]"
INS-5044,HC-1128,2025-08-09,churn_risk,51,appointment_reminders,"[""Executive escalation call"", ""Resolve appointment reminders issues"", ""Offer service credit"", ""Weekly check-ins until stable""]","[{""action"": ""Executive escalation"", ""completed"": true, ""date"": ""2025-08-12""}, {""action"": ""Technical fix deployed"", ""completed"": false, ""date"": null}, {""action"": ""Service credit applied"", ""completed"": true, ""date"": ""2025-07-29""}]",unresolved,49,47,-2,False,False,0.0,6157,Unfortunately decided to move to competitor,"[""Fast response critical for appointment reminders issues"", ""Executive engagement makes difference"", ""Need faster technical resolution""]"
INS-5045,HC-1129,2025-08-09,churn_risk,52,patient_portal,"[""Executive escalation call"", ""Resolve patient portal issues"", ""Offer service credit"", ""Weekly check-ins until stable""]","[{""action"": ""Executive escalation"", ""completed"": true, ""date"": ""2025-07-15""}, {""action"": ""Technical fix deployed"", ""completed"": true, ""date"": ""2025-08-04""}, {""action"": ""Service credit applied"", ""completed"": true, ""date"": ""2025-09-05""}]",resolved,48,82,34,True,False,0.0,4930,"Too little, too late. Already committed to alternative.","[""Fast response critical for patient portal issues"", ""Executive engagement makes difference"", ""Service credits effective goodwill gesture""]"
INS-5046,HC-1133,2025-09-02,churn_risk,43,telehealth_setup,"[""Executive escalation call"", ""Resolve telehealth setup issues"", ""Offer service credit"", ""Weekly check-ins until stable""]","[{""action"": ""Executive escalation"", ""completed"": true, ""date"": ""2025-07-25""}, {""action"": ""Technical fix deployed"", ""completed"": true, ""date"": ""2025-08-30""}, {""action"": ""Service credit applied"", ""completed"": true, ""date"": ""2025-07-27""}]",resolved,57,97,40,True,False,0.0,44430,Appreciate the attention. Staying with platform.,"[""Fast response critical for telehealth setup issues"", ""Executive engagement makes difference"", ""Service credits effective goodwill gesture""]"
INS-5047,HC-1136,2025-08-06,churn_risk,46,billing_workflow,"[""Executive escalation call"", ""Resolve billing workflow issues"", ""Offer service credit"", ""Weekly check-ins until stable""]","[{""action"": ""Executive escalation"", ""completed"": true, ""date"": ""2025-08-29""}, {""action"": ""Technical fix deployed"", ""completed"": false, ""date"": null}, {""action"": ""Service credit applied"", ""completed"": true, ""date"": ""2025-07-21""}]",unresolved,54,51,-3,False,False,0.0,1204,Unfortunately decided to move to competitor,"[""Fast response critical for billing workflow issues"", ""Executive engagement makes difference"", ""Need faster technical resolution""]"
INS-5048,HC-1142,2025-07-31,churn_risk,46,ehr_integration,"[""Executive escalation call"", ""Resolve ehr integration issues"", ""Offer service credit"", ""Weekly check-ins until stable""]","[{""action"": ""Executive escalation"", ""completed"": true, ""date"": ""2025-08-16""}, {""action"": ""Technical fix deployed"", ""completed"": false, ""date"": null}, {""action"": ""Service credit applied"", ""completed"": true, ""date"": ""2025-07-19""}]",unresolved,54,51,-3,False,False,0.0,1855,Unfortunately decided to move to competitor,"[""Fast response critical for ehr integration issues"", ""Executive engagement makes difference"", ""Need faster technical resolution""]"
INS-5049,HC-1143,2025-07-23,churn_risk,43,billing_workflow,"[""Executive escalation call"", ""Resolve billing workflow issues"", ""Offer service credit"", ""Weekly check-ins until stable""]","[{""action"": ""Executive escalation"", ""completed"": true, ""date"": ""2025-07-15""}, {""action"": ""Technical fix deployed"", ""completed"": false, ""date"": null}, {""action"": ""Service credit applied"", ""completed"": true, ""date"": ""2025-08-16""}]",unresolved,57,52,-5,False,False,0.0,6971,Unfortunately decided to move to competitor,"[""Fast response critical for billing workflow issues"", ""Executive engagement makes difference"", ""Need faster technical resolution""]"
INS-5050,HC-1145,2025-07-21,churn_risk,42,hipaa_compliance,"[""Executive escalation call"", ""Resolve hipaa compliance issues"", ""Offer service credit"", ""Weekly check-ins until stable""]","[{""action"": ""Executive escalation"", ""completed"": true, ""date"": ""2025-08-24""}, {""action"": ""Technical fix deployed"", ""completed"": false, ""date"": null}, {""action"": ""Service credit applied"", ""completed"": true, ""date"": ""2025-07-27""}]",unresolved,58,66,8,False,False,0.0,1812,Unfortunately decided to move to competitor,"[""Fast response critical for hipaa compliance issues"", ""Executive engagement makes difference"", ""Need faster technical resolution""]"
INS-5051,HC-1148,2025-07-09,churn_risk,48,patient_portal,"[""Executive escalation call"", ""Resolve patient portal issues"", ""Offer service credit"", ""Weekly check-ins until stable""]","[{""action"": ""Executive escalation"", ""completed"": true, ""date"": ""2025-07-30""}, {""action"": ""Technical fix deployed"", ""completed"": true, ""date"": ""2025-07-20""}, {""action"": ""Service credit applied"", ""completed"": true, ""date"": ""2025-07-23""}]",resolved,52,91,39,True,False,0.0,5294,"Too little, too late. Already committed to alternative.","[""Fast response critical for patient portal issues"", ""Executive engagement makes difference"", ""Service credits effective goodwill gesture""]"
INS-5052,HC-1150,2025-07-17,churn_risk,61,clinical_documentation,"[""Executive escalation call"", ""Resolve clinical documentation issues"", ""Offer service credit"", ""Weekly check-ins until stable""]","[{""action"": ""Executive escalation"", ""completed"": true, ""date"": ""2025-08-01""}, {""action"": ""Technical fix deployed"", ""completed"": true, ""date"": ""2025-07-22""}, {""action"": ""Service credit applied"", ""completed"": true, ""date"": ""2025-08-29""}]",resolved,39,59,20,True,True,22419.096301593963,5584,"Too little, too late. Already committed to alternative.","[""Fast response critical for clinical documentation issues"", ""Executive engagement makes difference"", ""Service credits effective goodwill gesture""]"
INS-5053,HC-1152,2025-08-17,churn_risk,54,insurance_verification,"[""Executive escalation call"", ""Resolve insurance verification issues"", ""Offer service credit"", ""Weekly check-ins until stable""]","[{""action"": ""Executive escalation"", ""completed"": true, ""date"": ""2025-07-31""}, {""action"": ""Technical fix deployed"", ""completed"": true, ""date"": ""2025-08-10""}, {""action"": ""Service credit applied"", ""completed"": true, ""date"": ""2025-08-14""}]",resolved,46,94,48,True,False,0.0,40338,"Too little, too late. Already committed to alternative.","[""Fast response critical for insurance verification issues"", ""Executive engagement makes difference"", ""Service credits effective goodwill gesture""]"
INS-5054,HC-1153,2025-08-23,churn_risk,64,insurance_verification,"[""Executive escalation call"", ""Resolve insurance verification issues"", ""Offer service credit"", ""Weekly check-ins until stable""]","[{""action"": ""Executive escalation"", ""completed"": true, ""date"": ""2025-08-26""}, {""action"": ""Technical fix deployed"", ""completed"": true, ""date"": ""2025-07-24""}, {""action"": ""Service credit applied"", ""completed"": true, ""date"": ""2025-07-18""}]",resolved,36,56,20,True,False,0.0,1953,Very satisfied with response. Issues resolved quickly.,"[""Fast response critical for insurance verification issues"", ""Executive engagement makes difference"", ""Service credits effective goodwill gesture""]"
INS-5055,HC-1154,2025-08-16,churn_risk,50,hipaa_compliance,"[""Executive escalation call"", ""Resolve hipaa compliance issues"", ""Offer service credit"", ""Weekly check-ins until stable""]","[{""action"": ""Executive escalation"", ""completed"": true, ""date"": ""2025-08-04""}, {""action"": ""Technical fix deployed"", ""completed"": false, ""date"": null}, {""action"": ""Service credit applied"", ""completed"": true, ""date"": ""2025-09-12""}]",unresolved,50,47,-3,False,False,0.0,6306,Unfortunately decided to move to competitor,"[""Fast response critical for hipaa compliance issues"", ""Executive engagement makes difference"", ""Need faster technical resolution""]"
INS-5056,HC-1155,2025-07-23,churn_risk,55,insurance_verification,"[""Executive escalation call"", ""Resolve insurance verification issues"", ""Offer service credit"", ""Weekly check-ins until stable""]","[{""action"": ""Executive escalation"", ""completed"": true, ""date"": ""2025-08-21""}, {""action"": ""Technical fix deployed"", ""completed"": false, ""date"": null}, {""action"": ""Service credit applied"", ""completed"": true, ""date"": ""2025-07-28""}]",unresolved,45,41,-4,False,False,0.0,31335,Unfortunately decided to move to competitor,"[""Fast response critical for insurance verification issues"", ""Executive engagement makes difference"", ""Need faster technical resolution""]"
INS-5057,HC-1158,2025-08-17,churn_risk,61,appointment_reminders,"[""Executive escalation call"", ""Resolve appointment reminders issues"", ""Offer service credit"", ""Weekly check-ins until stable""]","[{""action"": ""Executive escalation"", ""completed"": true, ""date"": ""2025-07-15""}, {""action"": ""Technical fix deployed"", ""completed"": true, ""date"": ""2025-08-31""}, {""action"": ""Service credit applied"", ""completed"": true, ""date"": ""2025-07-21""}]",resolved,39,62,23,True,False,0.0,1192,"Too little, too late. Already committed to alternative.","[""Fast response critical for appointment reminders issues"", ""Executive engagement makes difference"", ""Service credits effective goodwill gesture""]"
INS-5058,HC-1162,2025-09-01,churn_risk,41,appointment_reminders,"[""Executive escalation call"", ""Resolve appointment reminders issues"", ""Offer service credit"", ""Weekly check-ins until stable""]","[{""action"": ""Executive escalation"", ""completed"": true, ""date"": ""2025-08-09""}, {""action"": ""Technical fix deployed"", ""completed"": true, ""date"": ""2025-07-28""}, {""action"": ""Service credit applied"", ""completed"": true, ""date"": ""2025-07-18""}]",resolved,59,96,37,True,False,0.0,5929,Very satisfied with response. Issues resolved quickly.,"[""Fast response critical for appointment reminders issues"", ""Executive engagement makes difference"", ""Service credits effective goodwill gesture""]"
INS-5059,HC-1163,2025-07-27,churn_risk,48,appointment_reminders,"[""Executive escalation call"", ""Resolve appointment reminders issues"", ""Offer service credit"", ""Weekly check-ins until stable""]","[{""action"": ""Executive escalation"", ""completed"": true, ""date"": ""2025-08-09""}, {""action"": ""Technical fix deployed"", ""completed"": true, ""date"": ""2025-09-09""}, {""action"": ""Service credit applied"", ""completed"": true, ""date"": ""2025-07-31""}]",resolved,52,100,49,True,True,34911.966212641,6364,Good progress but still monitoring closely.,"[""Fast response critical for appointment reminders issues"", ""Executive engagement makes difference"", ""Service credits effective goodwill gesture""]"
INS-5060,HC-1166,2025-07-20,churn_risk,50,billing_workflow,"[""Executive escalation call"", ""Resolve billing workflow issues"", ""Offer service credit"", ""Weekly check-ins until stable""]","[{""action"": ""Executive escalation"", ""completed"": true, ""date"": ""2025-07-14""}, {""action"": ""Technical fix deployed"", ""completed"": true, ""date"": ""2025-08-01""}, {""action"": ""Service credit applied"", ""completed"": true, ""date"": ""2025-09-12""}]",resolved,50,73,23,True,False,0.0,750,Very satisfied with response. Issues resolved quickly.,"[""Fast response critical for billing workflow issues"", ""Executive engagement makes difference"", ""Service credits effective goodwill gesture""]"
INS-5061,HC-1167,2025-07-15,churn_risk,49,billing_workflow,"[""Executive escalation call"", ""Resolve billing workflow issues"", ""Offer service credit"", ""Weekly check-ins until stable""]","[{""action"": ""Executive escalation"", ""completed"": true, ""date"": ""2025-07-30""}, {""action"": ""Technical fix deployed"", ""completed"": false, ""date"": null}, {""action"": ""Service credit applied"", ""completed"": true, ""date"": ""2025-09-09""}]",unresolved,51,51,0,False,False,0.0,9109,Unfortunately decided to move to competitor,"[""Fast response critical for billing workflow issues"", ""Executive engagement makes difference"", ""Need faster technical resolution""]"
INS-5062,HC-1169,2025-08-24,churn_risk,51,prescription_workflow,"[""Executive escalation call"", ""Resolve prescription workflow issues"", ""Offer service credit"", ""Weekly check-ins until stable""]","[{""action"": ""Executive escalation"", ""completed"": true, ""date"": ""2025-07-13""}, {""action"": ""Technical fix deployed"", ""completed"": true, ""date"": ""2025-08-24""}, {""action"": ""Service credit applied"", ""completed"": true, ""date"": ""2025-08-30""}]",resolved,49,88,39,True,True,9567.40559960631,1582,Very satisfied with response. Issues resolved quickly.,"[""Fast response critical for prescription workflow issues"", ""Executive engagement makes difference"", ""Service credits effective goodwill gesture""]"
INS-5063,HC-1170,2025-07-29,churn_risk,41,claims_management,"[""Executive escalation call"", ""Resolve claims management issues"", ""Offer service credit"", ""Weekly check-ins until stable""]","[{""action"": ""Executive escalation"", ""completed"": true, ""date"": ""2025-09-08""}, {""action"": ""Technical fix deployed"", ""completed"": true, ""date"": ""2025-07-22""}, {""action"": ""Service credit applied"", ""completed"": true, ""date"": ""2025-08-17""}]",resolved,59,98,39,True,True,47390.81094204176,12005,Appreciate the attention. Staying with platform.,"[""Fast response critical for claims management issues"", ""Executive engagement makes difference"", ""Service credits effective goodwill gesture""]"
INS-5064,HC-1172,2025-08-29,churn_risk,58,billing_workflow,"[""Executive escalation call"", ""Resolve billing workflow issues"", ""Offer service credit"", ""Weekly check-ins until stable""]","[{""action"": ""Executive escalation"", ""completed"": true, ""date"": ""2025-07-14""}, {""action"": ""Technical fix deployed"", ""completed"": true, ""date"": ""2025-08-16""}, {""action"": ""Service credit applied"", ""completed"": true, ""date"": ""2025-08-27""}]",resolved,42,67,25,True,True,25187.9522888251,4890,Good progress but still monitoring closely.,"[""Fast response critical for billing workflow issues"", ""Executive engagement makes difference"", ""Service credits effective goodwill gesture""]"
INS-5065,HC-1174,2025-08-12,churn_risk,42,clinical_documentation,"[""Executive escalation call"", ""Resolve clinical documentation issues"", ""Offer service credit"", ""Weekly check-ins until stable""]","[{""action"": ""Executive escalation"", ""completed"": true, ""date"": ""2025-07-13""}, {""action"": ""Technical fix deployed"", ""completed"": true, ""date"": ""2025-08-08""}, {""action"": ""Service credit applied"", ""completed"": true, ""date"": ""2025-08-23""}]",resolved,58,85,27,True,False,0.0,513,"Too little, too late. Already committed to alternative.","[""Fast response critical for clinical documentation issues"", ""Executive engagement makes difference"", ""Service credits effective goodwill gesture""]"
INS-5066,HC-1175,2025-07-31,churn_risk,49,clinical_documentation,"[""Executive escalation call"", ""Resolve clinical documentation issues"", ""Offer service credit"", ""Weekly check-ins until stable""]","[{""action"": ""Executive escalation"", ""completed"": true, ""date"": ""2025-09-01""}, {""action"": ""Technical fix deployed"", ""completed"": true, ""date"": ""2025-08-24""}, {""action"": ""Service credit applied"", ""completed"": true, ""date"": ""2025-09-09""}]",resolved,51,72,21,True,False,0.0,2546,Good progress but still monitoring closely.,"[""Fast response critical for clinical documentation issues"", ""Executive engagement makes difference"", ""Service credits effective goodwill gesture""]"
INS-5067,HC-1176,2025-07-26,churn_risk,49,appointment_reminders,"[""Executive escalation call"", ""Resolve appointment reminders issues"", ""Offer service credit"", ""Weekly check-ins until stable""]","[{""action"": ""Executive escalation"", ""completed"": true, ""date"": ""2025-08-25""}, {""action"": ""Technical fix deployed"", ""completed"": true, ""date"": ""2025-09-10""}, {""action"": ""Service credit applied"", ""completed"": true, ""date"": ""2025-07-23""}]",resolved,51,73,22,True,False,0.0,3139,Good progress but still monitoring closely.,"[""Fast response critical for appointment reminders issues"", ""Executive engagement makes difference"", ""Service credits effective goodwill gesture""]"
INS-5068,HC-1177,2025-07-30,churn_risk,49,insurance_verification,"[""Executive escalation call"", ""Resolve insurance verification issues"", ""Offer service credit"", ""Weekly check-ins until stable""]","[{""action"": ""Executive escalation"", ""completed"": true, ""date"": ""2025-08-11""}, {""action"": ""Technical fix deployed"", ""completed"": true, ""date"": ""2025-08-30""}, {""action"": ""Service credit applied"", ""completed"": true, ""date"": ""2025-08-19""}]",resolved,51,98,47,True,False,0.0,6552,Good progress but still monitoring closely.,"[""Fast response critical for insurance verification issues"", ""Executive engagement makes difference"", ""Service credits effective goodwill gesture""]"
INS-5069,HC-1183,2025-08-20,churn_risk,44,billing_workflow,"[""Executive escalation call"", ""Resolve billing workflow issues"", ""Offer service credit"", ""Weekly check-ins until stable""]","[{""action"": ""Executive escalation"", ""completed"": true, ""date"": ""2025-08-31""}, {""action"": ""Technical fix deployed"", ""completed"": true, ""date"": ""2025-07-18""}, {""action"": ""Service credit applied"", ""completed"": true, ""date"": ""2025-09-14""}]",resolved,56,98,42,True,False,0.0,74818,Appreciate the attention. Staying with platform.,"[""Fast response critical for billing workflow issues"", ""Executive engagement makes difference"", ""Service credits effective goodwill gesture""]"
INS-5070,HC-1185,2025-08-17,churn_risk,52,appointment_reminders,"[""Executive escalation call"", ""Resolve appointment reminders issues"", ""Offer service credit"", ""Weekly check-ins until stable""]","[{""action"": ""Executive escalation"", ""completed"": true, ""date"": ""2025-09-07""}, {""action"": ""Technical fix deployed"", ""completed"": false, ""date"": null}, {""action"": ""Service credit applied"", ""completed"": true, ""date"": ""2025-08-04""}]",unresolved,48,45,-3,False,False,0.0,5605,Unfortunately decided to move to competitor,"[""Fast response critical for appointment reminders issues"", ""Executive engagement makes difference"", ""Need faster technical resolution""]"
INS-5071,HC-1187,2025-07-31,churn_risk,57,appointment_reminders,"[""Executive escalation call"", ""Resolve appointment reminders issues"", ""Offer service credit"", ""Weekly check-ins until stable""]","[{""action"": ""Executive escalation"", ""completed"": true, ""date"": ""2025-09-02""}, {""action"": ""Technical fix deployed"", ""completed"": true, ""date"": ""2025-09-07""}, {""action"": ""Service credit applied"", ""completed"": true, ""date"": ""2025-07-19""}]",resolved,43,87,44,True,False,0.0,22772,"Too little, too late. Already committed to alternative.","[""Fast response critical for appointment reminders issues"", ""Executive engagement makes difference"", ""Service credits effective goodwill gesture""]"
INS-5072,HC-1189,2025-08-13,churn_risk,53,prescription_workflow,"[""Executive escalation call"", ""Resolve prescription workflow issues"", ""Offer service credit"", ""Weekly check-ins until stable""]","[{""action"": ""Executive escalation"", ""completed"": true, ""date"": ""2025-07-17""}, {""action"": ""Technical fix deployed"", ""completed"": false, ""date"": null}, {""action"": ""Service credit applied"", ""completed"": true, ""date"": ""2025-07-28""}]",unresolved,47,56,9,False,False,0.0,1526,Unfortunately decided to move to competitor,"[""Fast response critical for prescription workflow issues"", ""Executive engagement makes difference"", ""Need faster technical resolution""]"
INS-5073,HC-1190,2025-07-10,churn_risk,46,hipaa_compliance,"[""Executive escalation call"", ""Resolve hipaa compliance issues"", ""Offer service credit"", ""Weekly check-ins until stable""]","[{""action"": ""Executive escalation"", ""completed"": true, ""date"": ""2025-07-14""}, {""action"": ""Technical fix deployed"", ""completed"": false, ""date"": null}, {""action"": ""Service credit applied"", ""completed"": true, ""date"": ""2025-07-22""}]",unresolved,54,63,9,False,False,0.0,21353,Unfortunately decided to move to competitor,"[""Fast response critical for hipaa compliance issues"", ""Executive engagement makes difference"", ""Need faster technical resolution""]"
INS-5074,HC-1192,2025-09-02,churn_risk,57,billing_workflow,"[""Executive escalation call"", ""Resolve billing workflow issues"", ""Offer service credit"", ""Weekly check-ins until stable""]","[{""action"": ""Executive escalation"", ""completed"": true, ""date"": ""2025-08-15""}, {""action"": ""Technical fix deployed"", ""completed"": false, ""date"": null}, {""action"": ""Service credit applied"", ""completed"": true, ""date"": ""2025-09-15""}]",unresolved,43,51,8,False,False,0.0,1214,Unfortunately decided to move to competitor,"[""Fast response critical for billing workflow issues"", ""Executive engagement makes difference"", ""Need faster technical resolution""]"
INS-5075,HC-1198,2025-09-03,churn_risk,42,clinical_documentation,"[""Executive escalation call"", ""Resolve clinical documentation issues"", ""Offer service credit"", ""Weekly check-ins until stable""]","[{""action"": ""Executive escalation"", ""completed"": true, ""date"": ""2025-07-23""}, {""action"": ""Technical fix deployed"", ""completed"": true, ""date"": ""2025-08-03""}, {""action"": ""Service credit applied"", ""completed"": true, ""date"": ""2025-08-03""}]",resolved,58,81,23,True,False,0.0,3773,Very satisfied with response. Issues resolved quickly.,"[""Fast response critical for clinical documentation issues"", ""Executive engagement makes difference"", ""Service credits effective goodwill gesture""]"
INS-5076,HC-1199,2025-08-27,churn_risk,44,appointment_reminders,"[""Executive escalation call"", ""Resolve appointment reminders issues"", ""Offer service credit"", ""Weekly check-ins until stable""]","[{""action"": ""Executive escalation"", ""completed"": true, ""date"": ""2025-07-14""}, {""action"": ""Technical fix deployed"", ""completed"": false, ""date"": null}, {""action"": ""Service credit applied"", ""completed"": true, ""date"": ""2025-08-17""}]",unresolved,56,54,-2,False,False,0.0,1749,Unfortunately decided to move to competitor,"[""Fast response critical for appointment reminders issues"", ""Executive engagement makes difference"", ""Need faster technical resolution""]"
INS-5077,HC-1201,2025-09-02,churn_risk,42,billing_workflow,"[""Executive escalation call"", ""Resolve billing workflow issues"", ""Offer service credit"", ""Weekly check-ins until stable""]","[{""action"": ""Executive escalation"", ""completed"": true, ""date"": ""2025-08-05""}, {""action"": ""Technical fix deployed"", ""completed"": false, ""date"": null}, {""action"": ""Service credit applied"", ""completed"": true, ""date"": ""2025-07-18""}]",unresolved,58,68,10,False,False,0.0,4508,Unfortunately decided to move to competitor,"[""Fast response critical for billing workflow issues"", ""Executive engagement makes difference"", ""Need faster technical resolution""]"
INS-5078,HC-1202,2025-08-06,churn_risk,58,appointment_reminders,"[""Executive escalation call"", ""Resolve appointment reminders issues"", ""Offer service credit"", ""Weekly check-ins until stable""]","[{""action"": ""Executive escalation"", ""completed"": true, ""date"": ""2025-07-13""}, {""action"": ""Technical fix deployed"", ""completed"": true, ""date"": ""2025-08-12""}, {""action"": ""Service credit applied"", ""completed"": true, ""date"": ""2025-07-20""}]",resolved,42,92,50,True,False,0.0,61820,Good progress but still monitoring closely.,"[""Fast response critical for appointment reminders issues"", ""Executive engagement makes difference"", ""Service credits effective goodwill gesture""]"
INS-5079,HC-1204,2025-07-27,churn_risk,59,clinical_documentation,"[""Executive escalation call"", ""Resolve clinical documentation issues"", ""Offer service credit"", ""Weekly check-ins until stable""]","[{""action"": ""Executive escalation"", ""completed"": true, ""date"": ""2025-09-09""}, {""action"": ""Technical fix deployed"", ""completed"": true, ""date"": ""2025-08-18""}, {""action"": ""Service credit applied"", ""completed"": true, ""date"": ""2025-08-21""}]",resolved,41,82,41,True,False,0.0,7428,Very satisfied with response. Issues resolved quickly.,"[""Fast response critical for clinical documentation issues"", ""Executive engagement makes difference"", ""Service credits effective goodwill gesture""]"
INS-5080,HC-1205,2025-09-03,churn_risk,56,ehr_integration,"[""Executive escalation call"", ""Resolve ehr integration issues"", ""Offer service credit"", ""Weekly check-ins until stable""]","[{""action"": ""Executive escalation"", ""completed"": true, ""date"": ""2025-08-05""}, {""action"": ""Technical fix deployed"", ""completed"": true, ""date"": ""2025-08-05""}, {""action"": ""Service credit applied"", ""completed"": true, ""date"": ""2025-08-16""}]",resolved,44,91,47,True,True,5892.326022180521,1161,Good progress but still monitoring closely.,"[""Fast response critical for ehr integration issues"", ""Executive engagement makes difference"", ""Service credits effective goodwill gesture""]"
INS-5081,HC-1206,2025-07-11,churn_risk,49,appointment_reminders,"[""Executive escalation call"", ""Resolve appointment reminders issues"", ""Offer service credit"", ""Weekly check-ins until stable""]","[{""action"": ""Executive escalation"", ""completed"": true, ""date"": ""2025-08-19""}, {""action"": ""Technical fix deployed"", ""completed"": true, ""date"": ""2025-09-08""}, {""action"": ""Service credit applied"", ""completed"": true, ""date"": ""2025-08-11""}]",resolved,51,100,49,True,True,22911.683457693456,3583,"Too little, too late. Already committed to alternative.","[""Fast response critical for appointment reminders issues"", ""Executive engagement makes difference"", ""Service credits effective goodwill gesture""]"
INS-5082,HC-1212,2025-08-30,churn_risk,52,claims_management,"[""Executive escalation call"", ""Resolve claims management issues"", ""Offer service credit"", ""Weekly check-ins until stable""]","[{""action"": ""Executive escalation"", ""completed"": true, ""date"": ""2025-09-06""}, {""action"": ""Technical fix deployed"", ""completed"": false, ""date"": null}, {""action"": ""Service credit applied"", ""completed"": true, ""date"": ""2025-09-10""}]",unresolved,48,42,-6,False,False,0.0,4419,Unfortunately decided to move to competitor,"[""Fast response critical for claims management issues"", ""Executive engagement makes difference"", ""Need faster technical resolution""]"
INS-5083,HC-1213,2025-07-17,churn_risk,56,insurance_verification,"[""Executive escalation call"", ""Resolve insurance verification issues"", ""Offer service credit"", ""Weekly check-ins until stable""]","[{""action"": ""Executive escalation"", ""completed"": true, ""date"": ""2025-08-22""}, {""action"": ""Technical fix deployed"", ""completed"": true, ""date"": ""2025-08-31""}, {""action"": ""Service credit applied"", ""completed"": true, ""date"": ""2025-09-11""}]",resolved,44,66,22,True,False,0.0,4861,"Too little, too late. Already committed to alternative.","[""Fast response critical for insurance verification issues"", ""Executive engagement makes difference"", ""Service credits effective goodwill gesture""]"
INS-5084,HC-1214,2025-07-17,churn_risk,46,appointment_reminders,"[""Executive escalation call"", ""Resolve appointment reminders issues"", ""Offer service credit"", ""Weekly check-ins until stable""]","[{""action"": ""Executive escalation"", ""completed"": true, ""date"": ""2025-07-22""}, {""action"": ""Technical fix deployed"", ""completed"": true, ""date"": ""2025-08-20""}, {""action"": ""Service credit applied"", ""completed"": true, ""date"": ""2025-07-31""}]",resolved,54,77,23,True,False,0.0,13429,"Too little, too late. Already committed to alternative.","[""Fast response critical for appointment reminders issues"", ""Executive engagement makes difference"", ""Service credits effective goodwill gesture""]"
INS-5085,HC-1217,2025-07-28,churn_risk,59,insurance_verification,"[""Executive escalation call"", ""Resolve insurance verification issues"", ""Offer service credit"", ""Weekly check-ins until stable""]","[{""action"": ""Executive escalation"", ""completed"": true, ""date"": ""2025-08-18""}, {""action"": ""Technical fix deployed"", ""completed"": true, ""date"": ""2025-07-29""}, {""action"": ""Service credit applied"", ""completed"": true, ""date"": ""2025-09-02""}]",resolved,41,70,29,True,True,16845.942059729627,2453,Appreciate the attention. Staying with platform.,"[""Fast response critical for insurance verification issues"", ""Executive engagement makes difference"", ""Service credits effective goodwill gesture""]"
INS-5086,HC-1220,2025-07-21,churn_risk,54,clinical_documentation,"[""Executive escalation call"", ""Resolve clinical documentation issues"", ""Offer service credit"", ""Weekly check-ins until stable""]","[{""action"": ""Executive escalation"", ""completed"": true, ""date"": ""2025-08-22""}, {""action"": ""Technical fix deployed"", ""completed"": true, ""date"": ""2025-09-08""}, {""action"": ""Service credit applied"", ""completed"": true, ""date"": ""2025-07-22""}]",resolved,46,91,45,True,True,38987.3999711062,7730,Appreciate the attention. Staying with platform.,"[""Fast response critical for clinical documentation issues"", ""Executive engagement makes difference"", ""Service credits effective goodwill gesture""]"
INS-5087,HC-1224,2025-09-06,churn_risk,48,hipaa_compliance,"[""Executive escalation call"", ""Resolve hipaa compliance issues"", ""Offer service credit"", ""Weekly check-ins until stable""]","[{""action"": ""Executive escalation"", ""completed"": true, ""date"": ""2025-09-07""}, {""action"": ""Technical fix deployed"", ""completed"": true, ""date"": ""2025-08-13""}, {""action"": ""Service credit applied"", ""completed"": true, ""date"": ""2025-07-26""}]",resolved,52,74,22,True,False,0.0,3101,Very satisfied with response. Issues resolved quickly.,"[""Fast response critical for hipaa compliance issues"", ""Executive engagement makes difference"", ""Service credits effective goodwill gesture""]"
INS-5088,HC-1225,2025-09-05,churn_risk,51,clinical_documentation,"[""Executive escalation call"", ""Resolve clinical documentation issues"", ""Offer service credit"", ""Weekly check-ins until stable""]","[{""action"": ""Executive escalation"", ""completed"": true, ""date"": ""2025-08-17""}, {""action"": ""Technical fix deployed"", ""completed"": true, ""date"": ""2025-09-12""}, {""action"": ""Service credit applied"", ""completed"": true, ""date"": ""2025-08-16""}]",resolved,49,93,44,True,True,128217.08811548518,18631,Appreciate the attention. Staying with platform.,"[""Fast response critical for clinical documentation issues"", ""Executive engagement makes difference"", ""Service credits effective goodwill gesture""]"
INS-5089,HC-1226,2025-08-23,churn_risk,53,patient_scheduling,"[""Executive escalation call"", ""Resolve patient scheduling issues"", ""Offer service credit"", ""Weekly check-ins until stable""]","[{""action"": ""Executive escalation"", ""completed"": true, ""date"": ""2025-07-21""}, {""action"": ""Technical fix deployed"", ""completed"": true, ""date"": ""2025-08-28""}, {""action"": ""Service credit applied"", ""completed"": true, ""date"": ""2025-09-12""}]",resolved,47,93,46,True,True,8196.114510294079,1275,Very satisfied with response. Issues resolved quickly.,"[""Fast response critical for patient scheduling issues"", ""Executive engagement makes difference"", ""Service credits effective goodwill gesture""]"
INS-5090,HC-1227,2025-09-03,churn_risk,53,billing_workflow,"[""Executive escalation call"", ""Resolve billing workflow issues"", ""Offer service credit"", ""Weekly check-ins until stable""]","[{""action"": ""Executive escalation"", ""completed"": true, ""date"": ""2025-08-31""}, {""action"": ""Technical fix deployed"", ""completed"": true, ""date"": ""2025-08-01""}, {""action"": ""Service credit applied"", ""completed"": true, ""date"": ""2025-08-15""}]",resolved,47,97,50,True,False,0.0,7092,Good progress but still monitoring closely.,"[""Fast response critical for billing workflow issues"", ""Executive engagement makes difference"", ""Service credits effective goodwill gesture""]"
INS-5091,HC-1228,2025-07-10,churn_risk,61,billing_workflow,"[""Executive escalation call"", ""Resolve billing workflow issues"", ""Offer service credit"", ""Weekly check-ins until stable""]","[{""action"": ""Executive escalation"", ""completed"": true, ""date"": ""2025-08-14""}, {""action"": ""Technical fix deployed"", ""completed"": false, ""date"": null}, {""action"": ""Service credit applied"", ""completed"": true, ""date"": ""2025-09-15""}]",unresolved,39,44,5,False,False,0.0,3211,Unfortunately decided to move to competitor,"[""Fast response critical for billing workflow issues"", ""Executive engagement makes difference"", ""Need faster technical resolution""]"
INS-5092,HC-1230,2025-07-10,churn_risk,44,appointment_reminders,"[""Executive escalation call"", ""Resolve appointment reminders issues"", ""Offer service credit"", ""Weekly check-ins until stable""]","[{""action"": ""Executive escalation"", ""completed"": true, ""date"": ""2025-07-20""}, {""action"": ""Technical fix deployed"", ""completed"": true, ""date"": ""2025-08-21""}, {""action"": ""Service credit applied"", ""completed"": true, ""date"": ""2025-08-26""}]",resolved,56,99,43,True,False,0.0,5587,"Too little, too late. Already committed to alternative.","[""Fast response critical for appointment reminders issues"", ""Executive engagement makes difference"", ""Service credits effective goodwill gesture""]"
INS-5093,HC-1231,2025-07-15,churn_risk,67,clinical_documentation,"[""Executive escalation call"", ""Resolve clinical documentation issues"", ""Offer service credit"", ""Weekly check-ins until stable""]","[{""action"": ""Executive escalation"", ""completed"": true, ""date"": ""2025-08-20""}, {""action"": ""Technical fix deployed"", ""completed"": true, ""date"": ""2025-08-19""}, {""action"": ""Service credit applied"", ""completed"": true, ""date"": ""2025-07-18""}]",resolved,33,58,25,True,False,0.0,4132,Appreciate the attention. Staying with platform.,"[""Fast response critical for clinical documentation issues"", ""Executive engagement makes difference"", ""Service credits effective goodwill gesture""]"
INS-5094,HC-1233,2025-07-09,churn_risk,44,clinical_documentation,"[""Executive escalation call"", ""Resolve clinical documentation issues"", ""Offer service credit"", ""Weekly check-ins until stable""]","[{""action"": ""Executive escalation"", ""completed"": true, ""date"": ""2025-08-20""}, {""action"": ""Technical fix deployed"", ""completed"": true, ""date"": ""2025-09-15""}, {""action"": ""Service credit applied"", ""completed"": true, ""date"": ""2025-08-25""}]",resolved,56,85,29,True,False,0.0,1022,Good progress but still monitoring closely.,"[""Fast response critical for clinical documentation issues"", ""Executive engagement makes difference"", ""Service credits effective goodwill gesture""]"
INS-5095,HC-1236,2025-07-29,churn_risk,54,prescription_workflow,"[""Executive escalation call"", ""Resolve prescription workflow issues"", ""Offer service credit"", ""Weekly check-ins until stable""]","[{""action"": ""Executive escalation"", ""completed"": true, ""date"": ""2025-07-24""}, {""action"": ""Technical fix deployed"", ""completed"": true, ""date"": ""2025-07-19""}, {""action"": ""Service credit applied"", ""completed"": true, ""date"": ""2025-07-29""}]",resolved,46,95,49,True,True,5756.37312016445,801,Good progress but still monitoring closely.,"[""Fast response critical for prescription workflow issues"", ""Executive engagement makes difference"", ""Service credits effective goodwill gesture""]"
INS-5096,HC-1243,2025-08-05,churn_risk,51,reporting_analytics,"[""Executive escalation call"", ""Resolve reporting analytics issues"", ""Offer service credit"", ""Weekly check-ins until stable""]","[{""action"": ""Executive escalation"", ""completed"": true, ""date"": ""2025-07-28""}, {""action"": ""Technical fix deployed"", ""completed"": false, ""date"": null}, {""action"": ""Service credit applied"", ""completed"": true, ""date"": ""2025-07-24""}]",unresolved,49,41,-8,False,False,0.0,1904,Unfortunately decided to move to competitor,"[""Fast response critical for reporting analytics issues"", ""Executive engagement makes difference"", ""Need faster technical resolution""]"
INS-5097,HC-1244,2025-08-30,churn_risk,57,appointment_reminders,"[""Executive escalation call"", ""Resolve appointment reminders issues"", ""Offer service credit"", ""Weekly check-ins until stable""]","[{""action"": ""Executive escalation"", ""completed"": true, ""date"": ""2025-07-15""}, {""action"": ""Technical fix deployed"", ""completed"": false, ""date"": null}, {""action"": ""Service credit applied"", ""completed"": true, ""date"": ""2025-09-08""}]",unresolved,43,47,4,False,False,0.0,2952,Unfortunately decided to move to competitor,"[""Fast response critical for appointment reminders issues"", ""Executive engagement makes difference"", ""Need faster technical resolution""]"
INS-5098,HC-1247,2025-08-15,churn_risk,43,prescription_workflow,"[""Executive escalation call"", ""Resolve prescription workflow issues"", ""Offer service credit"", ""Weekly check-ins until stable""]","[{""action"": ""Executive escalation"", ""completed"": true, ""date"": ""2025-08-09""}, {""action"": ""Technical fix deployed"", ""completed"": false, ""date"": null}, {""action"": ""Service credit applied"", ""completed"": true, ""date"": ""2025-07-23""}]",unresolved,57,63,6,False,False,0.0,31044,Unfortunately decided to move to competitor,"[""Fast response critical for prescription workflow issues"", ""Executive engagement makes difference"", ""Need faster technical resolution""]"
INS-5099,HC-1248,2025-07-27,churn_risk,57,billing_workflow,"[""Executive escalation call"", ""Resolve billing workflow issues"", ""Offer service credit"", ""Weekly check-ins until stable""]","[{""action"": ""Executive escalation"", ""completed"": true, ""date"": ""2025-08-15""}, {""action"": ""Technical fix deployed"", ""completed"": true, ""date"": ""2025-08-22""}, {""action"": ""Service credit applied"", ""completed"": true, ""date"": ""2025-08-19""}]",resolved,43,85,42,True,False,0.0,4756,Very satisfied with response. Issues resolved quickly.,"[""Fast response critical for billing workflow issues"", ""Executive engagement makes difference"", ""Service credits effective goodwill gesture""]"
INS-5100,HC-1249,2025-08-30,churn_risk,56,billing_workflow,"[""Executive escalation call"", ""Resolve billing workflow issues"", ""Offer service credit"", ""Weekly check-ins until stable""]","[{""action"": ""Executive escalation"", ""completed"": true, ""date"": ""2025-07-24""}, {""action"": ""Technical fix deployed"", ""completed"": true, ""date"": ""2025-07-23""}, {""action"": ""Service credit applied"", ""completed"": true, ""date"": ""2025-07-30""}]",resolved,44,80,36,True,False,0.0,6780,Very satisfied with response. Issues resolved quickly.,"[""Fast response critical for billing workflow issues"", ""Executive engagement makes difference"", ""Service credits effective goodwill gesture""]"
INS-5101,HC-1251,2025-09-05,churn_risk,45,insurance_verification,"[""Executive escalation call"", ""Resolve insurance verification issues"", ""Offer service credit"", ""Weekly check-ins until stable""]","[{""action"": ""Executive escalation"", ""completed"": true, ""date"": ""2025-08-06""}, {""action"": ""Technical fix deployed"", ""completed"": false, ""date"": null}, {""action"": ""Service credit applied"", ""completed"": true, ""date"": ""2025-08-06""}]",unresolved,55,50,-5,False,False,0.0,7560,Unfortunately decided to move to competitor,"[""Fast response critical for insurance verification issues"", ""Executive engagement makes difference"", ""Need faster technical resolution""]"
INS-5102,HC-1254,2025-08-25,churn_risk,48,appointment_reminders,"[""Executive escalation call"", ""Resolve appointment reminders issues"", ""Offer service credit"", ""Weekly check-ins until stable""]","[{""action"": ""Executive escalation"", ""completed"": true, ""date"": ""2025-07-19""}, {""action"": ""Technical fix deployed"", ""completed"": false, ""date"": null}, {""action"": ""Service credit applied"", ""completed"": true, ""date"": ""2025-09-13""}]",unresolved,52,49,-3,False,False,0.0,7014,Unfortunately decided to move to competitor,"[""Fast response critical for appointment reminders issues"", ""Executive engagement makes difference"", ""Need faster technical resolution""]"
INS-5103,HC-1260,2025-08-21,churn_risk,70,patient_scheduling,"[""Executive escalation call"", ""Resolve patient scheduling issues"", ""Offer service credit"", ""Weekly check-ins until stable""]","[{""action"": ""Executive escalation"", ""completed"": true, ""date"": ""2025-07-27""}, {""action"": ""Technical fix deployed"", ""completed"": true, ""date"": ""2025-08-26""}, {""action"": ""Service credit applied"", ""completed"": true, ""date"": ""2025-08-09""}]",resolved,30,75,45,True,False,0.0,22921,Very satisfied with response. Issues resolved quickly.,"[""Fast response critical for patient scheduling issues"", ""Executive engagement makes difference"", ""Service credits effective goodwill gesture""]"
INS-5104,HC-1262,2025-08-23,churn_risk,46,clinical_documentation,"[""Executive escalation call"", ""Resolve clinical documentation issues"", ""Offer service credit"", ""Weekly check-ins until stable""]","[{""action"": ""Executive escalation"", ""completed"": true, ""date"": ""2025-07-24""}, {""action"": ""Technical fix deployed"", ""completed"": true, ""date"": ""2025-07-20""}, {""action"": ""Service credit applied"", ""completed"": true, ""date"": ""2025-07-29""}]",resolved,54,86,32,True,True,44263.75593191688,6497,"Too little, too late. Already committed to alternative.","[""Fast response critical for clinical documentation issues"", ""Executive engagement makes difference"", ""Service credits effective goodwill gesture""]"
INS-5105,HC-1269,2025-08-09,churn_risk,48,appointment_reminders,"[""Executive escalation call"", ""Resolve appointment reminders issues"", ""Offer service credit"", ""Weekly check-ins until stable""]","[{""action"": ""Executive escalation"", ""completed"": true, ""date"": ""2025-07-30""}, {""action"": ""Technical fix deployed"", ""completed"": true, ""date"": ""2025-08-31""}, {""action"": ""Service credit applied"", ""completed"": true, ""date"": ""2025-07-30""}]",resolved,52,94,42,True,False,0.0,15102,"Too little, too late. Already committed to alternative.","[""Fast response critical for appointment reminders issues"", ""Executive engagement makes difference"", ""Service credits effective goodwill gesture""]"
INS-5106,HC-1270,2025-08-07,churn_risk,48,claims_management,"[""Executive escalation call"", ""Resolve claims management issues"", ""Offer service credit"", ""Weekly check-ins until stable""]","[{""action"": ""Executive escalation"", ""completed"": true, ""date"": ""2025-09-06""}, {""action"": ""Technical fix deployed"", ""completed"": true, ""date"": ""2025-09-13""}, {""action"": ""Service credit applied"", ""completed"": true, ""date"": ""2025-08-24""}]",resolved,52,95,43,True,False,0.0,13004,Good progress but still monitoring closely.,"[""Fast response critical for claims management issues"", ""Executive engagement makes difference"", ""Service credits effective goodwill gesture""]"
INS-5107,HC-1271,2025-08-18,churn_risk,42,appointment_reminders,"[""Executive escalation call"", ""Resolve appointment reminders issues"", ""Offer service credit"", ""Weekly check-ins until stable""]","[{""action"": ""Executive escalation"", ""completed"": true, ""date"": ""2025-08-26""}, {""action"": ""Technical fix deployed"", ""completed"": true, ""date"": ""2025-08-07""}, {""action"": ""Service credit applied"", ""completed"": true, ""date"": ""2025-08-11""}]",resolved,58,79,21,True,False,0.0,1895,Appreciate the attention. Staying with platform.,"[""Fast response critical for appointment reminders issues"", ""Executive engagement makes difference"", ""Service credits effective goodwill gesture""]"
INS-5108,HC-1277,2025-07-27,churn_risk,52,prescription_workflow,"[""Executive escalation call"", ""Resolve prescription workflow issues"", ""Offer service credit"", ""Weekly check-ins until stable""]","[{""action"": ""Executive escalation"", ""completed"": true, ""date"": ""2025-07-24""}, {""action"": ""Technical fix deployed"", ""completed"": true, ""date"": ""2025-08-30""}, {""action"": ""Service credit applied"", ""completed"": true, ""date"": ""2025-08-08""}]",resolved,48,76,28,True,False,0.0,6615,Good progress but still monitoring closely.,"[""Fast response critical for prescription workflow issues"", ""Executive engagement makes difference"", ""Service credits effective goodwill gesture""]"
INS-5109,HC-1280,2025-08-11,churn_risk,42,prescription_workflow,"[""Executive escalation call"", ""Resolve prescription workflow issues"", ""Offer service credit"", ""Weekly check-ins until stable""]","[{""action"": ""Executive escalation"", ""completed"": true, ""date"": ""2025-09-10""}, {""action"": ""Technical fix deployed"", ""completed"": false, ""date"": null}, {""action"": ""Service credit applied"", ""completed"": true, ""date"": ""2025-08-23""}]",unresolved,58,58,0,False,False,0.0,7590,Unfortunately decided to move to competitor,"[""Fast response critical for prescription workflow issues"", ""Executive engagement makes difference"", ""Need faster technical resolution""]"
INS-5110,HC-1284,2025-07-17,churn_risk,50,insurance_verification,"[""Executive escalation call"", ""Resolve insurance verification issues"", ""Offer service credit"", ""Weekly check-ins until stable""]","[{""action"": ""Executive escalation"", ""completed"": true, ""date"": ""2025-08-15""}, {""action"": ""Technical fix deployed"", ""completed"": false, ""date"": null}, {""action"": ""Service credit applied"", ""completed"": true, ""date"": ""2025-08-04""}]",unresolved,50,60,10,False,False,0.0,2193,Unfortunately decided to move to competitor,"[""Fast response critical for insurance verification issues"", ""Executive engagement makes difference"", ""Need faster technical resolution""]"
INS-5111,HC-1285,2025-07-26,churn_risk,52,reporting_analytics,"[""Executive escalation call"", ""Resolve reporting analytics issues"", ""Offer service credit"", ""Weekly check-ins until stable""]","[{""action"": ""Executive escalation"", ""completed"": true, ""date"": ""2025-08-15""}, {""action"": ""Technical fix deployed"", ""completed"": true, ""date"": ""2025-08-18""}, {""action"": ""Service credit applied"", ""completed"": true, ""date"": ""2025-08-02""}]",resolved,48,95,47,True,False,0.0,12851,"Too little, too late. Already committed to alternative.","[""Fast response critical for reporting analytics issues"", ""Executive engagement makes difference"", ""Service credits effective goodwill gesture""]"
INS-5112,HC-1289,2025-09-06,churn_risk,55,appointment_reminders,"[""Executive escalation call"", ""Resolve appointment reminders issues"", ""Offer service credit"", ""Weekly check-ins until stable""]","[{""action"": ""Executive escalation"", ""completed"": true, ""date"": ""2025-07-20""}, {""action"": ""Technical fix deployed"", ""completed"": true, ""date"": ""2025-08-11""}, {""action"": ""Service credit applied"", ""completed"": true, ""date"": ""2025-07-24""}]",resolved,45,68,23,True,False,0.0,2436,Good progress but still monitoring closely.,"[""Fast response critical for appointment reminders issues"", ""Executive engagement makes difference"", ""Service credits effective goodwill gesture""]"
INS-5113,HC-1290,2025-07-12,churn_risk,47,patient_scheduling,"[""Executive escalation call"", ""Resolve patient scheduling issues"", ""Offer service credit"", ""Weekly check-ins until stable""]","[{""action"": ""Executive escalation"", ""completed"": true, ""date"": ""2025-08-11""}, {""action"": ""Technical fix deployed"", ""completed"": true, ""date"": ""2025-08-19""}, {""action"": ""Service credit applied"", ""completed"": true, ""date"": ""2025-08-06""}]",resolved,53,82,29,True,True,11984.819243792897,3300,"Too little, too late. Already committed to alternative.","[""Fast response critical for patient scheduling issues"", ""Executive engagement makes difference"", ""Service credits effective goodwill gesture""]"
INS-5114,HC-1294,2025-08-17,churn_risk,49,clinical_documentation,"[""Executive escalation call"", ""Resolve clinical documentation issues"", ""Offer service credit"", ""Weekly check-ins until stable""]","[{""action"": ""Executive escalation"", ""completed"": true, ""date"": ""2025-08-12""}, {""action"": ""Technical fix deployed"", ""completed"": true, ""date"": ""2025-08-01""}, {""action"": ""Service credit applied"", ""completed"": true, ""date"": ""2025-09-14""}]",resolved,51,92,41,True,False,0.0,5179,Appreciate the attention. Staying with platform.,"[""Fast response critical for clinical documentation issues"", ""Executive engagement makes difference"", ""Service credits effective goodwill gesture""]"
INS-5115,HC-1296,2025-07-22,churn_risk,43,clinical_documentation,"[""Executive escalation call"", ""Resolve clinical documentation issues"", ""Offer service credit"", ""Weekly check-ins until stable""]","[{""action"": ""Executive escalation"", ""completed"": true, ""date"": ""2025-09-07""}, {""action"": ""Technical fix deployed"", ""completed"": false, ""date"": null}, {""action"": ""Service credit applied"", ""completed"": true, ""date"": ""2025-08-02""}]",unresolved,57,66,9,False,False,0.0,10443,Unfortunately decided to move to competitor,"[""Fast response critical for clinical documentation issues"", ""Executive engagement makes difference"", ""Need faster technical resolution""]"
INS-5116,HC-1297,2025-07-25,churn_risk,52,appointment_reminders,"[""Executive escalation call"", ""Resolve appointment reminders issues"", ""Offer service credit"", ""Weekly check-ins until stable""]","[{""action"": ""Executive escalation"", ""completed"": true, ""date"": ""2025-07-15""}, {""action"": ""Technical fix deployed"", ""completed"": true, ""date"": ""2025-08-07""}, {""action"": ""Service credit applied"", ""completed"": true, ""date"": ""2025-08-20""}]",resolved,48,76,28,True,False,0.0,6684,Very satisfied with response. Issues resolved quickly.,"[""Fast response critical for appointment reminders issues"", ""Executive engagement makes difference"", ""Service credits effective goodwill gesture""]"
INS-5117,HC-1298,2025-07-29,churn_risk,55,appointment_reminders,"[""Executive escalation call"", ""Resolve appointment reminders issues"", ""Offer service credit"", ""Weekly check-ins until stable""]","[{""action"": ""Executive escalation"", ""completed"": true, ""date"": ""2025-08-11""}, {""action"": ""Technical fix deployed"", ""completed"": false, ""date"": null}, {""action"": ""Service credit applied"", ""completed"": true, ""date"": ""2025-08-12""}]",unresolved,45,42,-3,False,False,0.0,6159,Unfortunately decided to move to competitor,"[""Fast response critical for appointment reminders issues"", ""Executive engagement makes difference"", ""Need faster technical resolution""]"
